crop_type,crop_area,soil_ph,soil_npk,soil_organic_matter,irrigation_method,fertilizer_type,fertilizer_method,density,predicted_yield_kg_m2
Wheat,86629.37996080038,5.992483783743795,40.09016359477037,3.8969766714725234,Sprinkler,Phosphorus,Side Dressing,25.183146678060524,1.9321322219513337
Corn,26077.863940296294,5.877847313759373,15.245633987897818,8.709287119811272,Drip,Nitrogen,Side Dressing,31.353385793215203,1.0836012291825745
Soybeans,6819.163901340343,5.912524607356746,18.548070868968168,6.350603751118742,Sprinkler,Potassium,Side Dressing,24.71027856694166,0.997592995966132
Tomatoes,20180.429587443563,7.4876462467621145,25.169468173173094,4.428322802546813,Drip,Potassium,Fertigation,54.51392733037697,2.2731300575698987
Tomatoes,54508.52895444618,5.66194865506648,22.03399813696322,5.7211787378098,Flood,Phosphorus,Fertigation,82.53914192179367,1.6172784770997484
Corn,21825.08110581031,6.046292531805996,23.019764078254788,3.008842625390291,Drip,Phosphorus,Broadcasting,81.45904392159252,1.5275828750163423
Soybeans,21925.534480358172,7.253653669571498,11.267138060987172,3.99226916859112,Sprinkler,Nitrogen,Fertigation,47.672565336980384,0.6409181196597437
Tomatoes,10408.01803632431,7.154808954072271,24.032252911548206,4.724199793893045,Sprinkler,Nitrogen,Broadcasting,67.45830889026561,1.65700789674935
Tomatoes,86362.94119176554,6.512492757748312,45.114386997157496,1.868681802778432,Drip,Nitrogen,Fertigation,59.694464330869,4.426239527619881
Corn,85051.64253588274,6.821648085731511,15.80899598553836,8.17560854930284,Flood,Potassium,Fertigation,24.223117368331327,0.9493309644688909
Corn,63652.541879456134,6.6734194551001345,46.88188271323178,8.97201883253183,Flood,Potassium,Broadcasting,36.82497627354219,2.498441280461912
Potatoes,39441.911536140644,6.7072146430896185,34.432199456111256,6.196206172357518,Drip,Phosphorus,Broadcasting,15.031246265248129,2.457005396983981
Wheat,70870.04874821907,7.181493966771375,45.19231184278581,3.5176349077831506,Sprinkler,Nitrogen,Broadcasting,14.872841929904677,1.9466572773253603
Potatoes,35969.960028141366,7.158377391636426,24.98431438789575,4.834245457892047,Drip,Potassium,Fertigation,39.22784062630983,2.0053823421994807
Corn,12266.290985340902,5.972983719305632,37.241758228035366,8.09763612019561,Sprinkler,Potassium,Fertigation,21.08333564885055,2.3986951928635896
Corn,85997.4654660115,5.7626487592119595,31.915468562304024,5.165293584171048,Drip,Potassium,Side Dressing,88.61307485882043,2.2878581878309734
Tomatoes,27863.841065752877,6.505441705560776,11.286308392548339,8.52168036359862,Drip,Nitrogen,Broadcasting,86.56168521395082,1.037483067840767
Potatoes,85492.68811062258,7.131316048018875,25.382055879420694,7.516761250894713,Drip,Nitrogen,Side Dressing,52.67509699145341,1.9709913083704302
Potatoes,43288.59072752239,6.103617765865767,37.190969519346055,5.3109362637130335,Drip,Phosphorus,Fertigation,85.83472038357884,3.2210914141355333
Tomatoes,26406.419479855427,7.477944941643818,25.443909552309975,2.758032547057617,Sprinkler,Nitrogen,Fertigation,52.72519360386517,1.9121010428045884
Potatoes,22314.068462027368,6.182959832248001,10.64611450694731,6.393688483304549,Sprinkler,Potassium,Fertigation,31.979361774454496,0.7553164776355493
Tomatoes,63510.46038848165,6.4013124408684074,39.87437048026327,5.3106386803332235,Flood,Potassium,Broadcasting,52.60770437836164,2.625890707092637
Wheat,29552.364018129014,5.683562477994356,39.24876503440849,6.639556182720375,Flood,Potassium,Side Dressing,90.90187802570168,1.8170350177333443
Soybeans,97768.92012882596,6.493425601327106,17.16896181143888,8.208532014647954,Sprinkler,Potassium,Side Dressing,19.188177604488207,0.9921601250610721
Corn,67742.03911567543,6.34814166076057,41.92321532769439,9.969385448111192,Flood,Nitrogen,Fertigation,49.32677174501969,2.6679608301100393
Wheat,75334.72577012118,5.523788932364147,25.43877815680294,1.996102149874755,Sprinkler,Phosphorus,Fertigation,32.30638196214231,1.2407287053937148
Potatoes,55208.36970427973,6.144115089422401,18.482177191791113,6.066755547978927,Sprinkler,Phosphorus,Broadcasting,27.886836794630067,1.1115682459280989
Corn,40582.590616942114,6.265830958709644,11.868288360121166,2.052057572855931,Sprinkler,Nitrogen,Side Dressing,76.04139946265842,0.7280212686378731
Corn,65383.04286134381,7.028417675296142,33.81575488645236,1.448498295575505,Sprinkler,Nitrogen,Broadcasting,35.52444719297809,1.7765667387435538
Wheat,28080.23816584218,7.417652510215261,34.899972046383226,6.3020316898264435,Drip,Potassium,Fertigation,80.08584139742587,2.207868301808849
Wheat,40006.2782294958,5.58088964130943,38.944136413527886,6.049999530559815,Sprinkler,Phosphorus,Broadcasting,10.281751109803706,1.6671563515240586
Potatoes,38480.92668186724,5.9076013368011004,30.971576936057303,5.553786280232073,Drip,Nitrogen,Side Dressing,80.2520037529385,2.4330437736104398
Soybeans,58577.63444887905,7.247846316641147,14.345462667933608,2.19598546550995,Drip,Nitrogen,Side Dressing,56.79681480299535,0.8882615518643537
Soybeans,82079.07158010363,6.788736149108764,32.77906512084489,9.02714099098451,Flood,Phosphorus,Side Dressing,18.76170106104135,1.6853664074364652
Wheat,73546.5254446328,7.128619559146641,37.027872811023585,6.496587154075599,Flood,Phosphorus,Fertigation,94.31323071939117,1.8871935933492217
Soybeans,77004.32468207697,7.392011652429735,22.361258258550887,2.8636240839120415,Drip,Phosphorus,Side Dressing,87.3987567219025,1.4116514944673333
Potatoes,40538.06271231123,7.387801370461762,46.530524304057465,6.866098085803041,Drip,Potassium,Broadcasting,65.61297445780173,3.2639783725759894
Tomatoes,17014.703292400198,5.910676893278193,43.427514556657925,2.137201468430924,Flood,Nitrogen,Broadcasting,50.55671073248297,2.6311193159860538
Soybeans,26513.221085121244,7.281598067175099,34.778325071509016,7.948847936200339,Flood,Phosphorus,Broadcasting,23.432988559488003,1.5584554866490303
Corn,79750.31651686304,6.993618372642479,35.97762811341565,8.314104922326944,Sprinkler,Phosphorus,Fertigation,17.505169754721116,2.321935357959985
Soybeans,16535.20341100765,7.023626381768563,47.33074433111111,2.6688485461373284,Flood,Potassium,Side Dressing,16.16263198722875,2.23049987723807
Soybeans,48505.890399702774,7.386346650470498,40.45578748111146,9.749591210225754,Drip,Phosphorus,Broadcasting,57.15193261158432,2.446862206082176
Potatoes,43467.105162122025,6.810463834906229,10.896308756787608,8.70159217898018,Sprinkler,Nitrogen,Broadcasting,80.01165882510158,0.7089943377580726
Wheat,62029.0512570437,7.218046229042411,20.33124178937596,1.0396522133753359,Flood,Potassium,Broadcasting,50.407435653217306,0.8011483225568224
Tomatoes,29624.748078386136,6.3328794293502435,26.28044168184867,7.142890801399148,Sprinkler,Phosphorus,Fertigation,55.44199121972799,2.250100040911961
Corn,1358.101760628593,6.657191365537955,20.95545199835111,8.546049889289918,Flood,Phosphorus,Fertigation,72.93991290053955,1.3452206522782788
Corn,7295.248934713862,7.380597673559728,28.40803262750049,1.4303450856479423,Sprinkler,Potassium,Fertigation,38.22079932068091,1.680528471171514
Corn,65509.0991205907,6.024497463346809,44.8647578200991,2.5356236906546243,Drip,Nitrogen,Side Dressing,78.0402931603812,3.193036368069783
Potatoes,79729.872202347,6.653737505175439,43.0749518921734,1.8787133873369073,Flood,Potassium,Broadcasting,59.78240060737942,2.3812210281174115
Soybeans,77728.91650501317,7.01781406565323,12.18016976756266,3.163692140418296,Flood,Phosphorus,Side Dressing,47.562700461291726,0.5949541451259978
Corn,45743.0691833437,6.239137400409333,19.10832658717366,4.378496533513627,Flood,Nitrogen,Side Dressing,50.54528833271305,1.0611390776538834
Corn,66458.57512300182,6.797079356575248,21.613137896111315,8.125735572265787,Drip,Potassium,Broadcasting,65.92643458596125,1.5082078647687263
Corn,1969.8934033972764,7.282812062906864,20.65503140181586,3.666690528811028,Drip,Potassium,Fertigation,98.89660596043132,1.5788895413875976
Soybeans,64413.322627211564,5.880410225900592,46.34922075913506,6.338699249993529,Flood,Nitrogen,Side Dressing,30.93010039592158,2.2719544231847504
Wheat,54177.111434579856,7.123341467223028,16.23131706616064,9.789582185650112,Flood,Nitrogen,Fertigation,46.58280352631956,0.816099985210006
Potatoes,75042.89143978887,6.864441717865613,48.58732303485756,3.8290936676438525,Drip,Potassium,Fertigation,26.66883001841748,3.935888438710975
Soybeans,93512.83481892088,7.270555016714577,34.50613120034713,5.865108518561101,Drip,Phosphorus,Broadcasting,35.53917363968317,1.9970422957796365
Tomatoes,33606.22875702881,6.185774098207792,39.40720640238705,6.591535201105421,Drip,Phosphorus,Side Dressing,54.46267951021104,3.6251052810021274
Potatoes,42676.253098898225,6.580660468763563,38.462939414791116,8.28071486127582,Sprinkler,Phosphorus,Side Dressing,86.27120199554501,2.780819129966643
Corn,33505.50105969891,6.606215750117991,15.004179487314335,3.268851722904378,Sprinkler,Potassium,Broadcasting,10.394180402757486,0.8178408384988304
Corn,61692.20991961916,7.337869349385967,42.71699451415877,5.136462587931804,Flood,Nitrogen,Fertigation,37.23783242026164,2.3901045907970664
Wheat,29868.437286286087,5.6330021968905255,31.71216109879063,7.843826936572411,Drip,Phosphorus,Broadcasting,73.45270585122225,1.7434959811869681
Tomatoes,7537.858475658024,6.69270168138045,11.59756029027109,6.925035255530324,Drip,Nitrogen,Fertigation,45.63911850563632,1.1572272228421445
Soybeans,81550.09464107457,5.550908248466817,31.918848844904623,2.0377225644608883,Drip,Phosphorus,Fertigation,70.00418857034845,2.104885301481272
Tomatoes,14113.161673934681,6.342216982662159,23.69187552551622,5.0266235694704955,Drip,Phosphorus,Fertigation,23.61848554684,2.2812416594347016
Soybeans,44916.03077206567,6.02087286735264,13.932127761638654,9.182214340671111,Sprinkler,Nitrogen,Fertigation,90.89872197468975,0.8921188106848871
Potatoes,30992.077316185154,6.063543759034225,38.382016339391726,4.857349475825704,Sprinkler,Nitrogen,Side Dressing,20.532178225719434,2.434054785154208
Potatoes,53953.87956489073,6.318192522817137,28.602206310036088,9.970183622772577,Drip,Phosphorus,Fertigation,89.18718597115215,2.6527849064647855
Soybeans,6315.38333239328,5.5218864233162765,41.0068733636108,5.0835100927396,Drip,Phosphorus,Broadcasting,46.64764395377898,2.32747547003223
Corn,5877.03892571062,5.598175436583135,29.218219734427677,9.11402030829698,Flood,Potassium,Fertigation,91.45196222904927,1.7728878691736474
Corn,67552.22123005908,7.206235211827467,19.680102880985743,5.942817149010395,Drip,Nitrogen,Fertigation,43.24201536197244,1.471658378421392
Corn,91537.19448741758,6.545252030128382,32.912872003984674,6.311008546350863,Flood,Phosphorus,Fertigation,25.691180280351965,2.000686015037113
Potatoes,36402.78582060899,6.004800370805078,37.72375845704279,8.091347502599483,Sprinkler,Nitrogen,Fertigation,68.54237518712844,2.7636526276139293
Soybeans,59314.61640802528,7.275043695393761,31.014310295152157,2.245209621996949,Flood,Nitrogen,Fertigation,45.87889970710015,1.5705446309635307
Soybeans,74381.0269784553,6.227126199096442,32.93749692779654,4.992195565164344,Flood,Potassium,Side Dressing,59.841067612752234,1.6993689812812705
Tomatoes,69763.5304594605,6.307527878071049,16.68088109920113,9.423927023980438,Flood,Nitrogen,Broadcasting,87.44509046711984,1.1680176945515697
Potatoes,78375.50633747494,5.547583120695659,34.98614133246359,3.2715269397941134,Drip,Nitrogen,Fertigation,34.60878978431586,2.6673430576554575
Corn,7604.905385635369,7.46635570125958,16.754413826193787,8.105654490223543,Sprinkler,Phosphorus,Broadcasting,66.14189284994369,0.9210634864819333
Potatoes,48458.80330605206,7.461797465290407,12.490303470196924,5.9233611761883385,Flood,Nitrogen,Fertigation,75.28311506647007,0.7800452063806236
Wheat,95544.46518211813,6.482741603561914,18.175789602888408,1.264158607013305,Drip,Nitrogen,Fertigation,79.07134657943175,1.2028159238285303
Soybeans,3668.767287222143,5.751230883514477,15.769661328589928,4.455693556546574,Sprinkler,Potassium,Broadcasting,40.218775739366976,0.7672273098219584
Wheat,98743.24945534862,5.996297014930595,11.16029711515151,9.082880575812215,Drip,Potassium,Fertigation,58.44419136113896,0.7423432115221205
Corn,33174.01207008768,7.125018797543301,10.000628852905557,8.82062909866147,Flood,Phosphorus,Broadcasting,53.84144326323337,0.5160900174132965
Soybeans,64110.97450396587,7.422150312110568,10.066301613716838,4.419731949829444,Sprinkler,Phosphorus,Fertigation,65.99212611838537,0.5743566428686724
Potatoes,39907.119153560285,6.210644578296562,31.718690164996744,3.916972990036948,Sprinkler,Phosphorus,Side Dressing,45.204876102027896,2.0730479769900096
Corn,33895.1598318901,6.198341922782356,36.531003723728865,5.537403344950884,Flood,Potassium,Fertigation,96.02801057116618,2.29496032194137
Soybeans,47453.36809312296,7.352803867048994,43.29932622128706,8.093427474611246,Drip,Potassium,Fertigation,31.715882927887616,2.9476190344175643
Wheat,55811.92509420653,5.78442126374501,37.62363849843879,3.1938409936818175,Drip,Potassium,Side Dressing,65.10347187066965,2.162851282362241
Corn,92387.11750607357,6.865014717050623,11.706665914610737,9.067434063621995,Flood,Potassium,Side Dressing,53.17276255231259,0.6737244966251367
Wheat,40401.50980406584,6.092762163540991,16.95815292580614,5.12119072455781,Drip,Phosphorus,Fertigation,52.482499721084686,1.0918865402704496
Tomatoes,84615.33274075568,7.107361005858884,27.66658378013505,4.973018454705848,Sprinkler,Phosphorus,Broadcasting,41.90730010204377,1.875831691809207
Tomatoes,28969.69942096515,6.09483811409442,13.42796799225788,5.534063208991691,Flood,Phosphorus,Side Dressing,56.55754144583563,0.9337854859477422
Soybeans,63662.42317555648,6.916149543887054,26.967809861941376,8.624251373317055,Drip,Potassium,Broadcasting,67.0168217168626,1.713482989469987
Soybeans,32577.194281559725,7.053957909238126,41.85732360579759,7.412874401888649,Sprinkler,Nitrogen,Broadcasting,29.13582219102738,2.1154157221343195
Wheat,60852.66907958056,6.571559655142148,15.839925133587327,6.18829136739804,Drip,Nitrogen,Broadcasting,29.136399387311336,0.8936903545512594
Soybeans,17503.784192849846,6.1668251389306095,20.659141668210097,3.650923855792271,Drip,Phosphorus,Broadcasting,37.89492877238174,1.2289061927140161
Tomatoes,68536.04391665633,7.285313407794877,25.127567887792246,9.162313779928828,Drip,Nitrogen,Side Dressing,56.52776723466222,2.2565313961336932
Corn,89522.77563314741,6.624100297620609,40.64445118329755,2.9578211797717437,Drip,Phosphorus,Fertigation,41.69800647185791,3.1340829737354254
Wheat,54660.37697688404,6.43695119400359,18.956899562315442,1.1679161752718996,Sprinkler,Potassium,Fertigation,36.1527143192765,1.0136464544299029
Potatoes,24222.508336605624,6.639479637558432,25.908254890634197,5.739566397052379,Drip,Nitrogen,Broadcasting,34.99768013364845,1.889999080224398
Tomatoes,7746.851719298952,6.761169500519442,39.145013961274294,3.6793733863064095,Drip,Phosphorus,Fertigation,93.16695705398449,3.9319094839886457
Potatoes,15148.333450825858,6.978816245837918,18.302236189882784,9.337849037869733,Drip,Potassium,Broadcasting,17.443365391212218,1.3104563769681004
Tomatoes,66145.73282830982,6.925987011486969,41.21558740778167,4.857369466669496,Flood,Nitrogen,Fertigation,12.490392090356847,2.9325364261039053
Potatoes,72521.08240472476,6.185186203060796,15.115281719070794,6.498190492951457,Sprinkler,Potassium,Broadcasting,31.67878918329847,0.9200405733916713
Potatoes,15832.80401365446,5.7237183207155535,18.090204188151304,2.456649644862357,Sprinkler,Potassium,Fertigation,67.90248148506501,1.2183275498952715
Wheat,53750.06896192527,6.3016391733253965,34.43928270647123,4.191848326437706,Flood,Phosphorus,Side Dressing,60.186475606142125,1.6158122935375838
Corn,67603.24070387906,7.177518201620607,37.60911231387575,5.889116985911576,Flood,Phosphorus,Fertigation,92.16091510136204,2.270652166520335
Soybeans,6878.122101619126,5.546407695550565,23.435350413022572,3.5621097230920777,Flood,Nitrogen,Broadcasting,54.73617243523721,1.018931559651681
Corn,37826.00270060659,5.963571668747069,19.358368499180024,8.333501122891159,Sprinkler,Potassium,Fertigation,68.90828768145967,1.3067959009111019
Soybeans,39663.48632178768,6.500276650474405,11.55154181222426,2.963700623201969,Flood,Phosphorus,Fertigation,96.54580104801327,0.6694811061039463
Tomatoes,4925.793184267629,6.996348631396054,10.833682344206057,8.613065519718324,Drip,Nitrogen,Side Dressing,89.0331019910908,1.029073642532482
Soybeans,16578.835626131087,7.398202507854557,41.21888557333874,1.9653360758037073,Sprinkler,Potassium,Side Dressing,28.494562540985648,2.0629344913857053
Soybeans,23888.274076413494,5.919814857759755,46.61606255384448,3.001348852476838,Flood,Potassium,Fertigation,57.2818125649519,2.4547716247581914
Corn,21510.22000472843,6.893860689077261,26.805237119457853,4.475523795936616,Sprinkler,Nitrogen,Side Dressing,82.64516025621914,1.6659626431951167
Wheat,35921.94684398151,6.04434208065382,40.129686196917376,4.150248015911664,Flood,Phosphorus,Fertigation,38.40770171110664,1.933066302750719
Wheat,26390.949160953714,7.451387219335647,19.910253227099155,7.358128113521643,Sprinkler,Phosphorus,Side Dressing,34.226887157611614,0.9535079639946347
Corn,78278.56434817267,6.801864340923388,17.551395688132416,6.557238435287618,Drip,Phosphorus,Broadcasting,26.182153551721683,1.1614269947021987
Soybeans,89347.47773540599,7.320198489281949,33.454434021987694,1.285575403732212,Drip,Nitrogen,Fertigation,15.438343061156615,2.107807542441595
Wheat,25234.71240136012,6.033450112315669,19.899991994352625,2.9781142607296514,Sprinkler,Potassium,Fertigation,91.50515049366255,1.0946447291042034
Soybeans,65680.36808753623,7.337410284087472,43.07397465532806,7.725489944953734,Drip,Potassium,Broadcasting,79.94881970933287,2.6263395223236436
Soybeans,82662.53267357573,7.2360237628153365,25.083837274454623,4.0528191599088,Flood,Phosphorus,Fertigation,80.36768031364825,1.3409614969017922
Soybeans,71068.14084572744,7.2875823678072695,34.28156425877188,7.0796946540280405,Sprinkler,Potassium,Fertigation,75.2199452059704,2.0531980143785353
Corn,56659.99660892892,5.878385128062238,26.04269342238986,7.952279540383295,Sprinkler,Nitrogen,Side Dressing,64.0424511689563,1.604725533301839
Tomatoes,11234.27008938475,5.823098204758048,17.869247308514744,3.826569913527718,Drip,Phosphorus,Side Dressing,91.04726926095508,1.5946864371351956
Wheat,15292.313783354015,7.423375156581002,15.564874647363126,8.731658876028593,Sprinkler,Potassium,Fertigation,90.19014508461417,0.859662029584373
Tomatoes,87195.19528098132,6.183097465406351,42.262088281175934,2.7451641217844327,Flood,Potassium,Fertigation,77.15037740622331,3.170304844448698
Soybeans,2483.4792598862014,6.902924663882132,49.42117952160412,7.730019115831711,Sprinkler,Nitrogen,Broadcasting,88.18925999324983,2.6911539592200255
Corn,50577.89187269293,7.333821140498169,46.1422471887466,5.494096758791058,Sprinkler,Potassium,Fertigation,59.88544095141849,2.913096460600563
Wheat,46105.822287703864,7.445049464951007,39.09165256818723,9.648176893791941,Drip,Phosphorus,Side Dressing,95.02040087520588,2.394193172013381
Soybeans,85810.25533216902,5.642982976170908,46.421879276303265,2.7643461188763863,Sprinkler,Phosphorus,Side Dressing,79.54888319072755,2.4688964347056195
Wheat,25116.738116897985,5.608389728280675,47.90084583226551,7.241000303517877,Drip,Phosphorus,Fertigation,82.5251660850602,3.0727963485168233
Wheat,49692.64075850562,5.654002528249894,14.898975040755072,7.13199593692424,Drip,Potassium,Broadcasting,36.634765411936,0.7876181763220134
Tomatoes,53934.011260049876,5.769993449997253,29.93294738897425,6.192703455319502,Flood,Potassium,Broadcasting,38.50823145281087,1.8360511691079255
Wheat,16712.083417643622,6.3233310610595,41.748994840133534,6.388549909195544,Flood,Potassium,Fertigation,42.02810769534912,2.121709439747584
Tomatoes,57545.124830862915,5.627883131898298,14.56926698606862,3.166174100541148,Drip,Potassium,Fertigation,60.84953127668973,1.3244643686383817
Potatoes,70242.8586882921,5.936831020534885,19.001670078297256,2.720937906178819,Sprinkler,Nitrogen,Broadcasting,91.41153761132126,1.1499037682731805
Soybeans,78997.40741358174,6.490152553783636,23.104626188424827,5.87187716547006,Drip,Nitrogen,Fertigation,13.289545948212773,1.6524489843194488
Soybeans,88380.89784113597,6.715505337442687,44.32004585054889,9.874573543987324,Drip,Nitrogen,Broadcasting,24.736386642383057,2.7928267173690022
Soybeans,39165.36699429336,5.991455123386663,49.26765349609931,5.713721952814146,Drip,Phosphorus,Side Dressing,11.455738471347303,3.0983541584336645
Soybeans,74408.15477706188,6.91376751720426,22.066525883031968,1.1057243859646255,Drip,Potassium,Broadcasting,86.75309665137505,1.329488488728916
Soybeans,77145.2708605064,5.629799965081095,28.014234621744937,3.0758093691421458,Drip,Potassium,Broadcasting,26.299177984136424,1.5476287441084766
Potatoes,93090.7254629874,6.0008155179984115,30.369500185204927,4.364898809171106,Drip,Phosphorus,Fertigation,61.84834930220093,2.5217902884395795
Tomatoes,62969.20251625558,5.841742200070719,32.15458961911001,9.371520484243527,Sprinkler,Potassium,Side Dressing,94.37963023407433,2.570686646901841
Potatoes,71859.55855752977,6.2698321354621696,19.09135694216145,3.0449176311948465,Flood,Phosphorus,Fertigation,34.633968662210606,1.2063889257134506
Wheat,88665.56998185217,6.734670779769008,28.41915672911059,7.999802836328641,Drip,Phosphorus,Broadcasting,20.647563742817034,1.5907436049508898
Soybeans,18248.038110667585,6.146365387539155,43.13621610553487,1.4163943183416414,Flood,Nitrogen,Broadcasting,81.29239843656512,2.0077505186274562
Wheat,77276.21461705473,6.664093469238103,19.99325794819817,2.1656931133062898,Drip,Potassium,Broadcasting,45.49917643429417,1.092270203746669
Soybeans,35358.88406236132,6.822439280703116,15.456308842460619,9.130163579877987,Flood,Nitrogen,Fertigation,11.38149502645575,0.8474829456903453
Tomatoes,13992.679216510918,6.090510683028364,41.705117627861824,6.443872168741563,Flood,Phosphorus,Side Dressing,52.62538216161687,2.9129896617024142
Tomatoes,16884.612818972564,7.464757146062286,12.380546054635037,3.5520634446990167,Sprinkler,Potassium,Side Dressing,40.449956432313485,0.8617189146673431
Corn,41890.144620996,6.181825153239409,27.130452345709873,2.916684758862168,Drip,Phosphorus,Side Dressing,83.7991176412097,1.9805944013769212
Corn,1239.888453220596,6.526464443449885,11.384372776515255,2.62022314095629,Flood,Potassium,Broadcasting,89.84299423928601,0.6095318126880289
Corn,34096.45045027202,6.139683528823058,21.119813333715044,2.869697321120881,Sprinkler,Phosphorus,Fertigation,83.77969358648672,1.3981766187886524
Wheat,8877.619439920356,6.567183978962859,32.20844810930707,4.931422991992916,Sprinkler,Potassium,Fertigation,52.29218794655793,1.8133580561311766
Wheat,80254.57013754128,6.632650255535346,37.152755668612734,6.983770821620986,Flood,Nitrogen,Broadcasting,80.47091946854783,1.6950500586748634
Soybeans,30973.030565179524,5.789971001636426,25.968059655018617,8.88123602820569,Drip,Nitrogen,Side Dressing,40.004185774323105,1.6927784562234494
Soybeans,99256.05473774837,7.235823112484336,45.207864135922826,8.512949996932832,Flood,Potassium,Fertigation,60.13972418628891,2.4732326568215126
Tomatoes,19983.636796243678,5.9827121383038735,29.407642967990117,2.9472780927124402,Drip,Phosphorus,Fertigation,24.608226659475655,2.676744281080222
Tomatoes,10940.237890026421,6.002080017698827,29.394903614439876,8.872716024314773,Flood,Phosphorus,Side Dressing,42.67087305390071,2.0609638751529546
Tomatoes,95395.18449745704,6.286821301365117,15.230723818006226,6.149579918268944,Flood,Nitrogen,Fertigation,16.008516491453598,1.12531956530698
Tomatoes,55114.81749763726,6.560980655088512,21.08591474333947,4.99258188735849,Drip,Nitrogen,Fertigation,57.577480493369016,2.1176207539876155
Potatoes,19195.957219776963,7.028058284648362,35.60278896053131,4.4964226290133,Flood,Phosphorus,Broadcasting,56.509370245023625,1.9359812938341314
Tomatoes,16435.48798607326,7.007482523230263,45.60343031627883,3.9311430438874977,Flood,Potassium,Broadcasting,24.685460885566165,2.7660908839367013
Soybeans,69743.95005319321,5.92274717644432,17.269103198369265,6.508453765292488,Drip,Nitrogen,Broadcasting,14.283098770985571,1.0055105251137995
Potatoes,55740.69836033658,5.911713092547224,14.405555483127404,3.789890580372232,Drip,Phosphorus,Fertigation,93.15913170210672,1.21319501127757
Wheat,21897.19730098194,6.3463705570243745,48.8808393996774,6.427344687268742,Flood,Potassium,Side Dressing,25.79994949137523,2.2769465129795066
Tomatoes,47259.07278619715,6.493059769270639,45.215544239467135,7.039541334453857,Drip,Potassium,Fertigation,76.92357763222995,4.739764508996128
Tomatoes,22092.58031832079,6.794461308103722,24.382539643253413,3.3025017327617214,Sprinkler,Potassium,Broadcasting,53.68726864534607,1.700063298055446
Potatoes,57425.32285123303,6.125368863180427,29.388752543516517,3.626018735737844,Drip,Potassium,Side Dressing,63.95226662957483,2.2840115355213886
Corn,52305.38629432014,6.638264092512511,39.980434264910514,8.158121598584437,Flood,Potassium,Side Dressing,83.13686286025518,2.401854481170546
Tomatoes,86329.2335284802,5.529017723149573,30.104421312728896,4.919983159927941,Drip,Potassium,Side Dressing,93.90427815954774,2.636119118218215
Soybeans,73547.2557005907,6.195212067696616,10.655284059462794,4.069443024896656,Drip,Potassium,Broadcasting,92.76460169550009,0.6719983743718828
Potatoes,58040.36279918995,6.595717012789189,44.08923265136139,5.22712914260035,Drip,Nitrogen,Fertigation,49.039834896396826,3.8016205640315253
Potatoes,81951.37398093042,6.022147995628414,40.61197432284409,9.609373421018763,Sprinkler,Potassium,Fertigation,70.83862728135182,3.029029983037105
Tomatoes,39018.45040244193,5.794921020153934,30.939422545403463,5.279212652056128,Sprinkler,Potassium,Fertigation,70.94730541582656,2.496659771690818
Corn,58664.23765578539,7.1458633673844,36.74367023990981,2.2998366743617034,Flood,Potassium,Side Dressing,57.91686166014517,1.9342654175684755
Soybeans,65981.73508329385,5.923764712878082,10.513807784106826,9.510184061428776,Drip,Phosphorus,Fertigation,99.31825823263472,0.7959856450663114
Potatoes,15166.181730360198,6.0266914156693225,32.89560337376606,9.771615294751413,Sprinkler,Phosphorus,Fertigation,96.18231547803151,2.5164923782476967
Corn,84876.43483754595,6.820706426774844,36.623472336534206,6.9287047948913125,Sprinkler,Phosphorus,Broadcasting,86.48672456613758,2.1744820822456705
Tomatoes,7270.221266644382,6.657366518833918,14.749890108359889,8.684420341900179,Flood,Potassium,Broadcasting,42.761521219814114,0.987196572122867
Potatoes,12715.511862296147,6.325798079850259,37.54247126250924,5.526734846033535,Drip,Potassium,Broadcasting,78.12676608638765,2.8370678145954664
Tomatoes,6327.376676287028,6.504323095339714,10.613631799506095,7.705107192076763,Sprinkler,Phosphorus,Broadcasting,52.70121248406262,0.7938922878251186
Tomatoes,34751.520028021005,6.713727411355373,34.03711388090986,7.668434809607223,Sprinkler,Potassium,Fertigation,17.33290619716412,2.8093914302560883
Corn,7618.240155452855,5.913919015309861,25.633706600731053,8.628287826653366,Flood,Phosphorus,Fertigation,44.61549965161988,1.5334488489574263
Potatoes,13848.137955621907,7.191354793571662,17.905207355756563,7.787383538911446,Sprinkler,Potassium,Broadcasting,70.5296405067487,1.1000906858389687
Wheat,70524.57574970412,7.43285851773607,24.674589265459268,2.5474439879165427,Drip,Phosphorus,Fertigation,81.68081760373666,1.5055473745165253
Potatoes,57044.244381933095,5.96243433751791,32.515113937097,4.427093930702316,Flood,Phosphorus,Broadcasting,76.04320804232466,1.7977711450319893
Tomatoes,73539.53951832613,6.7071676562385365,24.54667378331483,7.797107840002593,Sprinkler,Nitrogen,Side Dressing,90.49746353076388,2.0204066111400127
Tomatoes,44955.5710550931,6.198805347164542,17.886181787375893,1.6889221430890822,Sprinkler,Potassium,Broadcasting,76.79377649581772,1.253677986315491
Soybeans,82385.23726345442,5.679109987104561,13.724225046936635,7.181036420604277,Flood,Nitrogen,Fertigation,85.69151167226332,0.7525099823911742
Tomatoes,76901.61210514703,6.123403845788999,14.291285731094185,9.517057150567029,Sprinkler,Nitrogen,Fertigation,83.77920480016259,1.2569364419421936
Wheat,2107.1056261891367,6.563909237595967,39.37633069773074,9.887628503880773,Flood,Phosphorus,Fertigation,96.64003023518063,2.200242100003918
Corn,72253.64011974771,6.133054709535991,15.862048026912454,7.57802816391811,Drip,Nitrogen,Side Dressing,27.948112008789888,1.1422594406652888
Wheat,29745.620191919515,7.170044323394067,32.79826813351423,2.0868660966129315,Sprinkler,Nitrogen,Broadcasting,46.423533111870896,1.4383366239659512
Tomatoes,95516.47542035097,5.766769970541766,19.445116088479924,9.714646200135043,Sprinkler,Potassium,Fertigation,36.62341831785213,1.578030056089088
Corn,67210.56160625759,5.668696039052686,26.390550390592086,4.024708197077023,Flood,Nitrogen,Broadcasting,27.038396728368326,1.2408533198501215
Potatoes,93937.10837147463,5.5901013099086825,37.042301478689474,4.361927056000448,Sprinkler,Nitrogen,Fertigation,29.212242618749574,2.4135513174896412
Corn,98351.19347261154,5.991159136705775,12.051330017881256,6.84921944313532,Drip,Phosphorus,Side Dressing,11.58190856197604,0.8357441363220581
Potatoes,58568.59684395735,7.204114417554878,41.34732297546571,9.271277551366891,Sprinkler,Potassium,Fertigation,22.761674755558385,2.8665627353259664
Potatoes,61827.794053192505,5.859028791458789,16.173072953299936,2.7417987403815696,Flood,Nitrogen,Side Dressing,39.37256621225543,0.910557117004699
Potatoes,8250.344672461224,6.163807691629369,47.99139021777057,6.40032047213332,Drip,Potassium,Broadcasting,58.08781613042044,3.529579393420816
Corn,4441.2760390023805,6.97372931352561,19.27094231855063,9.529795306947257,Sprinkler,Phosphorus,Broadcasting,44.52595923319795,1.10894831560306
Wheat,87687.28662156069,6.668378269762242,18.137170575181848,7.746109397908335,Drip,Phosphorus,Broadcasting,93.62113300330893,1.0926134263797316
Potatoes,19632.268016233516,7.110140337661132,38.05977999515141,6.519847868121258,Sprinkler,Nitrogen,Broadcasting,84.83712455801432,2.362198994003968
Potatoes,82705.54071856795,7.02464210551587,13.896524988046997,6.355802601757434,Drip,Nitrogen,Side Dressing,41.725583496612984,1.068378542354242
Potatoes,48800.71128199828,5.501151546529355,43.13180262969595,4.220168039751622,Drip,Phosphorus,Fertigation,85.55014232236485,3.4641032355521855
Potatoes,9904.86012471592,6.463815444560792,19.759265950939366,3.088731960605062,Drip,Potassium,Fertigation,78.56897721894396,1.726430457308418
Wheat,19677.584569746035,6.903001468522663,15.798717535818811,5.600653705766129,Drip,Phosphorus,Side Dressing,72.5482190412407,0.9674001388769696
Tomatoes,44458.679300289405,5.796273332672971,18.28158797635087,3.9483266491078206,Drip,Phosphorus,Broadcasting,70.98647192095525,1.4757707270926723
Soybeans,36826.694768920155,6.848084363943432,25.841875426894035,6.478240110074808,Flood,Potassium,Fertigation,26.44010038315011,1.3993665448154802
Soybeans,2523.2962278729174,5.722842594808738,38.09895186030031,5.189608497400404,Drip,Nitrogen,Side Dressing,94.48682902569684,2.5067979914934164
Wheat,95466.87707025235,6.917157625811473,24.14264974134381,9.550875862576833,Sprinkler,Nitrogen,Side Dressing,27.32992569132271,1.2411373760453204
Wheat,83506.01624090427,6.1998372877861785,49.99647254818477,5.667250532060623,Drip,Potassium,Side Dressing,21.447677747833765,2.9486674510898765
Corn,79866.09841594909,6.368228362250509,19.66327564898301,1.683897665179493,Sprinkler,Nitrogen,Side Dressing,50.309664633095124,1.1853882931477746
Wheat,33547.47760165866,7.447488005018701,27.0302839976709,6.772319109980396,Flood,Potassium,Side Dressing,87.13527168196357,1.2307903357795102
Wheat,95709.36700152227,5.986108946772156,34.467594072050716,1.5747464773778272,Flood,Potassium,Fertigation,44.78761677201369,1.6192713140474693
Corn,53905.74226292383,7.050368045498218,48.462657686410154,8.24653242229957,Sprinkler,Nitrogen,Side Dressing,18.33171649032547,2.887496145247219
Tomatoes,5338.466153162087,6.739350169824462,32.81910192399927,2.400166092486417,Drip,Phosphorus,Fertigation,24.450166852023116,3.05800587902194
Potatoes,54791.376643694726,7.342471148649203,37.75505562247791,4.547624460817095,Sprinkler,Nitrogen,Fertigation,49.08669707344707,2.5305899424600895
Corn,88691.77673506258,6.682843702746519,36.658800203355604,1.2657620228219653,Sprinkler,Potassium,Side Dressing,67.66197619260498,2.2256475549403127
Wheat,7792.045793573062,7.193484257074189,17.649476110847782,4.974627504993899,Drip,Potassium,Broadcasting,81.07596098724287,0.9693103083801365
Soybeans,64442.936735105526,5.587693617100807,39.35629530935881,9.975547827335637,Sprinkler,Phosphorus,Broadcasting,49.61506085112512,1.9982022186090238
Wheat,82941.10613836886,6.589872892322925,11.240861857234638,8.281090066484921,Flood,Potassium,Side Dressing,12.806396718663127,0.5293951860597783
Tomatoes,5311.884978592691,5.524561669192423,25.282406138711508,9.890599765061076,Drip,Potassium,Broadcasting,31.735223786874947,2.0177526425944805
Soybeans,68844.17159345784,6.577840294108637,30.061110945284288,5.215945904126015,Flood,Phosphorus,Fertigation,58.73691804519103,1.705612329211197
Potatoes,29060.183587548945,6.593830360999922,17.231939459678173,7.556046120017084,Sprinkler,Phosphorus,Broadcasting,50.006367256970194,1.1027135499050207
Corn,20537.73001781094,6.066280685719477,24.105493779017984,5.65001866196346,Sprinkler,Nitrogen,Broadcasting,90.18592366692062,1.4023719686717342
Tomatoes,55886.28613698777,6.585293604891801,46.95278230711676,2.4402783059857773,Drip,Phosphorus,Broadcasting,39.67571591241895,3.867269544754097
Corn,56898.086354190884,6.804896291188052,45.70524088143144,8.684341919512908,Flood,Phosphorus,Fertigation,14.977986135968585,2.737348493829715
Wheat,19841.09972055612,7.2164114797818115,28.5917131181833,3.8853081450115474,Drip,Phosphorus,Broadcasting,22.960560152852484,1.4668051507885873
Potatoes,84968.72102019288,6.086168194689323,15.957289045005108,9.926365073173208,Flood,Potassium,Side Dressing,84.61889875420773,1.0274214801439363
Wheat,58852.58346859129,6.117336578959381,26.643412734530983,1.9822997245177454,Drip,Nitrogen,Fertigation,55.316330899506305,1.673024347046925
Wheat,16303.412029533922,7.171185242553754,48.49732953682782,2.7295616681871664,Drip,Phosphorus,Broadcasting,70.15005755655118,2.5863527194853875
Corn,11694.997257191688,6.405764479638565,10.661829691335033,1.5033575515327584,Sprinkler,Phosphorus,Broadcasting,60.21027552551862,0.6001033880465183
Tomatoes,57993.40347817044,5.904255756461068,16.38892687026962,6.5426291896174895,Drip,Nitrogen,Broadcasting,74.08740601754637,1.3757280296295167
Corn,45488.64432956321,6.498041689828007,45.38872809487623,1.7457374451694014,Sprinkler,Phosphorus,Fertigation,30.706796904736397,2.9315346529767314
Wheat,11137.105412040777,6.8967287674709725,24.421101255101267,4.468692082787769,Flood,Nitrogen,Fertigation,68.32551009548428,1.2214648582490288
Potatoes,96199.49640663901,6.547525102351482,28.6777681672425,6.805234727150666,Flood,Potassium,Fertigation,20.441596829202904,1.8871536708862637
Soybeans,2074.3916966374045,7.324328029011707,31.235040856986544,7.565262875361721,Drip,Phosphorus,Fertigation,34.91484544072581,2.12911654934936
Corn,58488.32913360314,6.038878264855708,18.23759440360387,5.168106163057962,Drip,Nitrogen,Broadcasting,71.09222014126468,1.2228139010158885
Soybeans,18565.68327167646,6.653083266634679,16.017923689915484,2.317289768106621,Flood,Potassium,Side Dressing,21.58477208086166,0.7858591370823983
Tomatoes,62387.180317242506,6.645042004425172,16.761717752705604,5.56278064407172,Sprinkler,Phosphorus,Side Dressing,56.7284929026047,1.3175089734336396
Soybeans,28909.569735335415,6.137555293191909,28.014737287388375,8.233976255515378,Flood,Potassium,Side Dressing,70.2742013839775,1.4908257668665925
Potatoes,89802.17575118407,5.843796183868723,48.96855035635897,3.822136537745617,Drip,Nitrogen,Broadcasting,42.58278372836929,3.3480182071661844
Potatoes,64706.24336685058,7.201185586643675,27.818430803253623,2.3487109654335896,Sprinkler,Phosphorus,Fertigation,97.54456975482984,1.9391328768381413
Potatoes,10134.798701574611,7.359745241655023,20.271366546010828,7.847982437532737,Sprinkler,Nitrogen,Side Dressing,60.58622857731389,1.3132804246876357
Wheat,37656.96885549945,7.00558065550806,45.70525362221442,9.286700682705641,Flood,Nitrogen,Fertigation,10.174802556668403,2.235656929483411
Tomatoes,47844.17764645077,7.133942311680166,41.76352614809575,8.622342516194674,Sprinkler,Phosphorus,Side Dressing,26.410211519928303,3.1181726524026137
Corn,97661.42932099909,6.735739943740739,47.73671091409256,7.740833107167788,Flood,Nitrogen,Fertigation,41.810949599722015,2.9298750826306663
Wheat,86222.417516251,5.978890247562458,42.82449426492874,7.053115776931877,Flood,Phosphorus,Broadcasting,30.51860505430969,1.791285778268124
Potatoes,6380.786292350671,7.385411261329524,36.24067396078429,8.730711740515996,Sprinkler,Phosphorus,Broadcasting,73.31191962690188,2.2049947269080055
Tomatoes,98085.18105514617,6.324773669600294,22.95675274228747,5.9170412204821154,Sprinkler,Potassium,Fertigation,74.13260628528093,1.9758204528926728
Corn,82976.3510445217,5.5104998040911015,20.539887770197517,6.353235439352268,Flood,Nitrogen,Fertigation,43.625634401605176,1.1503511190486662
Corn,42361.83517375293,6.703340192781183,33.43103041987935,3.18595977638565,Flood,Nitrogen,Fertigation,77.93428349873541,2.039993153566777
Potatoes,9149.112247398316,7.484679734931095,15.18865095081733,5.110831115714381,Flood,Nitrogen,Side Dressing,43.36891062124972,0.8459626189079594
Wheat,69354.01207943556,5.604108482093027,22.96553556316844,1.1904936214569344,Sprinkler,Nitrogen,Broadcasting,39.620155390924296,0.9677898954874424
Potatoes,63246.80785226542,7.186637820077269,27.34094198301721,4.165550517591916,Flood,Nitrogen,Fertigation,96.27229816388486,1.7640571558816214
Tomatoes,49883.91044699621,5.963486438672621,35.45828351009078,2.120393494390092,Drip,Nitrogen,Fertigation,41.48172633627392,3.2476887314676572
Potatoes,7050.6540185016565,7.248866656859411,29.794265495352498,2.3457359360528156,Flood,Phosphorus,Broadcasting,55.56740881173971,1.548412589634142
Soybeans,43308.24029105443,5.651510652949874,47.74448750766896,3.006991156827363,Sprinkler,Phosphorus,Fertigation,20.311983583059853,2.593031937635427
Soybeans,93697.51033920093,5.5022033569016715,47.24986683395085,3.418218052702304,Flood,Nitrogen,Fertigation,92.4983939290671,2.466986266658211
Corn,66353.72544466147,5.702096600719077,13.461840075285384,4.557619735108256,Drip,Potassium,Broadcasting,42.518049101470496,0.8425876226565522
Soybeans,2635.7355802470015,7.112057246988156,47.780373968566614,7.329026641472974,Sprinkler,Phosphorus,Side Dressing,71.88274878926796,2.7057764791983034
Potatoes,71404.91336542665,5.609178840939714,20.243326179046427,5.393950580144995,Flood,Nitrogen,Side Dressing,53.928404242777454,1.1538606014901212
Soybeans,44982.80884236816,5.809566031416384,13.387396892713257,7.663051099256232,Sprinkler,Phosphorus,Fertigation,32.31934245990158,0.7821651738662754
Tomatoes,48557.92211530037,6.647759229024517,36.74330630392989,1.611270015449001,Drip,Potassium,Broadcasting,85.65359733917415,3.1148777596600277
Wheat,31499.46019948504,6.457724248165562,23.496951282990736,2.5127032444153454,Drip,Potassium,Side Dressing,87.01019855542663,1.4687516467730275
Potatoes,41972.27955140536,6.399991236516468,48.53333099209755,7.834451642390608,Sprinkler,Potassium,Fertigation,14.7329560307894,3.5085448095876393
Wheat,19935.966350021896,7.003257101698898,35.793572031278345,5.446671212851348,Sprinkler,Nitrogen,Fertigation,47.41735069400393,1.927222360957812
Wheat,95175.18270064825,7.062366030788004,10.680725181111832,2.3310676345394747,Flood,Phosphorus,Side Dressing,49.40262953584055,0.46906780008867777
Tomatoes,30143.354369743825,6.2957386440915855,36.1180609446993,9.715322812316028,Sprinkler,Phosphorus,Fertigation,61.255826606852715,3.1720477329766097
Wheat,46260.99892827034,7.471369525946824,38.86242771561804,3.594568118090663,Flood,Potassium,Side Dressing,63.8840691449412,1.6757344314191585
Soybeans,41951.46773705502,6.602386577318165,48.70051023333011,6.905667256852936,Drip,Potassium,Broadcasting,66.30994100571067,3.1429987913866175
Tomatoes,79862.84748956752,6.9169060496739485,33.48295677574441,5.994281022157344,Flood,Nitrogen,Broadcasting,30.251686817972228,2.1023574879819296
Potatoes,78619.34795313909,6.130790396099179,19.838590632734324,6.603474010095708,Flood,Nitrogen,Fertigation,81.79909869221474,1.3367212533233315
Potatoes,55580.78948410198,6.289153202021836,24.652443158845184,6.2522832277080385,Sprinkler,Phosphorus,Fertigation,37.663442477379256,1.775590029659823
Potatoes,82409.09091713333,7.085277586905312,16.423086816989212,5.455321664589925,Drip,Phosphorus,Broadcasting,83.68275391706888,1.1944821576251448
Corn,3916.8405979377735,6.735249866305324,26.209397260516813,2.336613634575224,Flood,Potassium,Broadcasting,61.80982266739614,1.3348645086733721
Tomatoes,83279.35051053856,6.486372925364919,33.01776811083744,5.299991419027391,Drip,Nitrogen,Fertigation,55.31389270026651,3.3343169235712518
Soybeans,50067.88232746839,5.653672864892825,46.20459083328355,8.444456062128486,Sprinkler,Potassium,Broadcasting,13.117290248791438,2.249018147652388
Wheat,29251.57874893443,7.328818632073011,39.20490637414957,3.828605381270261,Sprinkler,Phosphorus,Side Dressing,91.1996668701398,1.941787634970658
Wheat,61114.616498721574,6.546402376347542,29.714638292872877,3.89312333484709,Flood,Potassium,Fertigation,89.96043579039826,1.5629851287693257
Potatoes,50282.427651040634,5.822923704433095,16.319865006100454,4.656110110758378,Drip,Phosphorus,Fertigation,46.423041214978255,1.314117080893276
Corn,94965.84264999971,7.206288104570662,26.519529078713244,9.071554805455177,Sprinkler,Potassium,Broadcasting,57.05329337180834,1.5003663774636726
Wheat,22685.645950014663,6.505154613728088,21.638448888676987,1.9039617237589113,Drip,Potassium,Broadcasting,27.626100952746285,1.1776920538237954
Corn,18048.448357652258,7.37561143241032,45.3749381790408,6.6516912507963575,Sprinkler,Nitrogen,Broadcasting,79.45535424276879,2.5166694206003557
Tomatoes,77819.8143942246,5.938571796854336,18.58096858161818,7.817520666153975,Flood,Potassium,Side Dressing,88.30035165601444,1.3375995056674472
Wheat,9707.09328988303,5.666946463408086,43.05265555556136,3.132039933637686,Sprinkler,Potassium,Broadcasting,88.04779579981019,1.9485829476702854
Tomatoes,58151.74781950846,6.168167808833512,40.68666045665381,9.032283706099147,Sprinkler,Nitrogen,Fertigation,99.08384342175694,3.629717972977333
Soybeans,72789.9815069461,5.830008462637413,37.08606419626595,5.122838527090552,Flood,Nitrogen,Broadcasting,75.74938484196274,1.7216848008310504
Tomatoes,28908.729308083217,5.6409889950888354,13.527877630495864,8.374794712200107,Sprinkler,Potassium,Broadcasting,38.06674471686676,0.918164197059797
Soybeans,33188.27556830372,5.836766479460459,25.126924449254048,1.5616336111065512,Flood,Phosphorus,Broadcasting,97.72150209977445,1.1508278317279865
Soybeans,75579.19931529571,6.439225648350721,40.096522332672855,5.726147306438033,Drip,Phosphorus,Broadcasting,38.2811375698994,2.502376523594672
Soybeans,8441.054509790805,7.400016741533933,29.394467666633346,4.0592952258205495,Drip,Potassium,Side Dressing,86.47188997639527,1.8739746102222983
Corn,75462.00773465478,6.907276607875637,29.84664180382137,5.673575529223685,Sprinkler,Potassium,Side Dressing,77.9875143650436,1.8655786245896853
Tomatoes,38875.93921642883,7.349675537322417,39.00950601693824,7.275483323694873,Drip,Nitrogen,Broadcasting,89.99749500221539,3.255573669384476
Soybeans,13998.318032803261,5.843724636140481,49.779236071783586,8.92474517096391,Drip,Potassium,Fertigation,20.707704248487236,3.4509528246055923
Soybeans,43134.01916162318,6.738149913073119,10.052742029312668,4.8374555625858875,Sprinkler,Potassium,Broadcasting,76.63837686313173,0.5361031532351362
Corn,20220.413170212752,6.390368705788644,27.015662514777507,4.614814022764607,Drip,Phosphorus,Fertigation,96.30228033829303,2.2309148201188336
Potatoes,81927.99746494391,6.356459344318949,37.49312403691482,5.835396178508572,Flood,Nitrogen,Side Dressing,72.2572079809272,2.3624788413625764
Corn,27938.90740889338,6.794123122267809,44.87928809974127,1.8661665642777903,Drip,Phosphorus,Side Dressing,97.83109537924535,3.2930090470199787
Corn,50871.7142508214,6.956173914058908,35.043840984332995,9.49974315560804,Drip,Nitrogen,Broadcasting,69.80501870922609,2.444761731614152
Tomatoes,12071.631020483504,7.156724747994169,21.501404844492413,1.758317070994314,Sprinkler,Phosphorus,Fertigation,10.8463191217647,1.5911523140816903
Soybeans,925.7307043003319,6.614701383345375,17.939798632998723,7.229131056735361,Flood,Potassium,Broadcasting,43.26159980824051,0.8729031132242164
Corn,6884.262562185948,6.597078817240233,42.73720331686598,3.5106161800186495,Drip,Potassium,Fertigation,15.774914029364963,3.239538739478672
Wheat,86209.86128798536,6.820820840741751,30.49312081722328,6.793791472391463,Flood,Nitrogen,Fertigation,24.674243956257875,1.5072281943824613
Soybeans,23508.591425476432,5.825202758163712,47.265671157872916,9.070020859737891,Drip,Potassium,Broadcasting,50.216193137811395,2.887913945376077
Wheat,53947.44147406798,5.630670021883415,31.58328192721136,2.491505131071088,Flood,Potassium,Fertigation,81.08885469176892,1.491131507553927
Wheat,41525.300723235996,5.98752078076615,46.169520712981594,7.3995473768695845,Drip,Potassium,Fertigation,71.0264560721522,3.056756816780742
Corn,29281.76503937272,7.078354521636506,33.35071638866263,5.775643267682552,Drip,Phosphorus,Broadcasting,50.289016167922334,2.1782665084627184
Soybeans,54078.10874755958,6.492417883229336,14.475233076323185,7.552575202735445,Sprinkler,Phosphorus,Fertigation,36.48519200397648,0.9104837935798265
Tomatoes,87925.85912405598,6.125206183816189,29.032538777188147,3.006106214485698,Flood,Nitrogen,Fertigation,69.72579730057626,2.1554032629854087
Wheat,80567.30528745949,6.945016969080199,18.103982880343743,2.963994825971816,Flood,Phosphorus,Broadcasting,88.71491603064774,0.7756460744311883
Corn,12286.564286982159,6.396250293983332,15.495511645419814,9.048703659543513,Flood,Potassium,Broadcasting,23.189574017430072,0.8212860427512674
Wheat,98282.6903232238,6.9988077445349735,22.31440525671337,2.021806078438077,Drip,Nitrogen,Fertigation,50.87619696950617,1.3789804783303767
Potatoes,57789.88648609668,7.183068146687645,16.768515984009476,8.949644044543753,Drip,Phosphorus,Side Dressing,67.34352563808623,1.3304739817469615
Potatoes,9949.502609773854,6.141518498194941,23.19697576650303,4.998537247299245,Sprinkler,Nitrogen,Fertigation,69.2883043769888,1.6757054863232108
Soybeans,99555.7093318475,6.9673046386505515,39.43946281429148,6.626030235386388,Sprinkler,Phosphorus,Side Dressing,66.46212606489289,2.2416244265296212
Corn,9914.627612631244,6.825234747405416,49.03013245642948,2.788380627110195,Drip,Phosphorus,Broadcasting,11.270078260127205,3.076800048859969
Potatoes,81067.27350016376,5.614784499200947,28.27261298352029,6.09502337962509,Sprinkler,Potassium,Side Dressing,61.652772124007974,1.7986555385889011
Wheat,42020.615549373004,7.406217366054973,18.498891962108246,6.736180919574491,Drip,Potassium,Broadcasting,51.62022048453703,0.9818931186039005
Corn,2227.8248052364906,7.059027027099766,43.70541313000335,9.607244148737909,Drip,Nitrogen,Fertigation,29.124360853440905,3.388367290271526
Soybeans,53943.34907296843,7.428265920577764,13.57743641576208,9.97798684614914,Drip,Nitrogen,Broadcasting,68.73594153083027,0.8280952589653487
Soybeans,34917.970455095114,5.7892827921651495,15.367959546337211,2.66019508406516,Flood,Nitrogen,Side Dressing,11.928937354141496,0.7069118732572428
Corn,63913.343751894914,6.118562735492852,40.43070975729012,6.19072083280421,Flood,Nitrogen,Fertigation,68.59892374741172,2.4712169586588923
Potatoes,37456.71575127262,5.633401383468019,40.51347039213231,2.309218008938497,Flood,Nitrogen,Side Dressing,45.033280296782806,2.2286523454950737
Potatoes,41700.74958656785,7.299240669650224,21.34365755511987,8.60050639422808,Drip,Potassium,Broadcasting,59.37360569616927,1.5272854333203156
Tomatoes,58040.416993134844,6.020040743122316,19.938128316299938,6.632370283066526,Sprinkler,Phosphorus,Side Dressing,13.538130900616782,1.4667577471179662
Corn,64351.8594423258,5.804306241205557,30.485935697434815,3.7657970565155265,Sprinkler,Potassium,Broadcasting,85.8739250153759,1.687528355611183
Soybeans,96212.94906073781,6.492805519908373,45.19947626996392,1.8897198161409694,Flood,Phosphorus,Side Dressing,63.928852523158746,2.3338802840766046
Soybeans,30990.56661101202,7.1715601198667835,35.6979460594072,1.4201111518307272,Sprinkler,Nitrogen,Broadcasting,53.71686964675638,1.72244602944665
Tomatoes,34427.33114600396,6.190877474158836,39.019578565901405,5.006950689037815,Flood,Phosphorus,Fertigation,53.07108060997837,2.9269779489193666
Wheat,94066.37113307149,6.835115802065117,39.03060348689503,9.876978476827075,Drip,Nitrogen,Broadcasting,18.01107794977396,2.194140717941419
Tomatoes,71832.23832361381,5.700210600076621,16.584794792938894,6.948410420710612,Drip,Phosphorus,Side Dressing,45.89752031673688,1.442208488498162
Tomatoes,66309.56563372606,6.24156855083506,40.695195895636544,8.44008443330227,Drip,Potassium,Side Dressing,86.72736503194449,3.947655023062655
Soybeans,53638.91768191255,6.160230103926581,43.83901992745994,1.9948305200003333,Sprinkler,Potassium,Side Dressing,67.35912613535072,2.417377658537129
Tomatoes,21675.062780828015,5.570296876423882,16.16421228925073,5.994198858755992,Drip,Phosphorus,Side Dressing,89.949585779112,1.4312689962614444
Wheat,59678.50143600684,6.646187278242612,18.428040809217663,5.835409700107897,Drip,Phosphorus,Fertigation,29.986590557782584,1.2008704785896847
Wheat,56710.29306079569,6.1735305440770265,17.23646885456782,6.864133177144339,Sprinkler,Potassium,Side Dressing,40.822430796195405,0.8840090263322331
Corn,13495.32087830915,5.5120534034030095,26.648448655322262,1.542722128100684,Flood,Nitrogen,Fertigation,72.28047315938059,1.4643365890578042
Wheat,95156.84824485952,7.255468375508184,25.166029169255882,4.979565607066487,Sprinkler,Phosphorus,Side Dressing,77.6423257011918,1.254566835354634
Tomatoes,55925.51093673038,7.043479556482779,40.9436072739036,6.279678112033051,Drip,Phosphorus,Broadcasting,89.85569532568103,3.4980925841273676
Corn,90379.18839268223,6.8300617052048125,39.377779513434966,5.176553770828258,Sprinkler,Potassium,Side Dressing,72.1430914665745,2.456080757323863
Corn,27443.015805517978,5.714494417853981,37.75817955273858,1.808469374282378,Flood,Nitrogen,Side Dressing,69.71524460428822,1.970325578973622
Potatoes,51372.80358307881,6.161648812402633,49.34134488544823,7.393233012275551,Sprinkler,Potassium,Fertigation,16.110833352691753,3.4715469813632023
Corn,24024.46325773433,6.03904044287427,17.213130924131317,2.861873160060973,Sprinkler,Nitrogen,Broadcasting,30.298644474201158,0.9187895390149193
Wheat,29924.949156471575,6.942889418110262,36.31795778921908,6.519099216800983,Sprinkler,Potassium,Broadcasting,56.74539737880341,1.7190897751804086
Wheat,36680.08459460009,5.644102387855932,17.769534257737494,1.8264750066438882,Sprinkler,Phosphorus,Fertigation,77.03600604146114,0.9147607533710368
Soybeans,82003.06553921054,6.807488728475188,39.002414247338166,8.578691699415813,Drip,Phosphorus,Broadcasting,69.52635922502984,2.5110764271499018
Corn,98572.88565966277,5.953106801091859,37.21967436030418,1.5894362924548777,Sprinkler,Phosphorus,Broadcasting,55.98029875898422,1.9928996111489738
Corn,70355.35813958304,6.537072858542589,42.17128364309953,2.693568355665808,Flood,Nitrogen,Side Dressing,38.06867807723489,2.3290373357588994
Tomatoes,49794.613378700895,5.689298725231125,40.592901243057206,4.3555725287386196,Drip,Phosphorus,Side Dressing,90.86210413331017,3.5881837157650134
Tomatoes,79563.00358033934,6.238144235489756,40.427629538023645,2.4603443442835347,Sprinkler,Potassium,Fertigation,91.08035347386974,3.3888921834747725
Wheat,77716.16914423594,5.610269462505183,14.831622336948843,7.177344815040238,Drip,Potassium,Side Dressing,81.86846487789,0.8825976900727561
Potatoes,20591.52141761553,7.396377102399498,45.43668463512504,1.7882160629151929,Flood,Phosphorus,Fertigation,96.81703199028105,2.8015779872910964
Soybeans,95001.19985541872,5.594413893788566,35.03164335877513,1.8159734550393924,Drip,Phosphorus,Side Dressing,91.69202395607401,2.194367772937009
Soybeans,12873.36595416198,6.5200004913994425,34.23175017118339,2.7915438151191587,Flood,Potassium,Side Dressing,61.62784987239473,1.7770682116463614
Wheat,8204.537652202871,7.149667260596166,30.536093846343544,4.246196057277395,Flood,Phosphorus,Side Dressing,17.19743656465573,1.31198273109409
Corn,32687.97624996704,6.3863562958973645,41.67574012378158,5.230806805129625,Drip,Potassium,Fertigation,66.29864085343524,3.3656791656276384
Tomatoes,95568.37482263563,7.137361316128045,23.2342932300106,4.558364428920102,Drip,Potassium,Fertigation,80.80578885580104,2.2370493526252098
Corn,28082.750486580826,5.903831185529126,35.754772855359604,3.483743658362928,Flood,Potassium,Broadcasting,53.68634938957505,1.7598010408011178
Tomatoes,45460.74396376476,5.9677822180865885,41.208563048822356,1.0288097204064295,Drip,Potassium,Broadcasting,57.62950068483237,3.2516899265859434
Soybeans,52585.71155883562,6.4539165464407535,32.383918914536615,2.968162810140746,Drip,Phosphorus,Broadcasting,99.27193539295368,2.0870244261048887
Wheat,18332.80239324806,5.926446683199911,21.029921167921792,8.691972454041844,Sprinkler,Potassium,Broadcasting,62.98752298961154,1.0077759121694443
Corn,28123.595244964505,7.003963423662694,34.25197164574657,4.763809094569655,Sprinkler,Phosphorus,Fertigation,89.68080906675566,2.2872795634167997
Tomatoes,12367.411690453315,6.992242214055979,15.243511345943418,9.576958518371441,Drip,Potassium,Fertigation,42.68635722752595,1.5068757814152827
Soybeans,91323.55604666918,6.9505521870046065,31.82260863404435,8.027121663661879,Flood,Potassium,Side Dressing,89.57757416008619,1.704981930823471
Soybeans,3742.218109815999,6.296697132875925,31.295198131263678,1.8729026165497489,Sprinkler,Nitrogen,Broadcasting,78.46155711490763,1.630294631145522
Wheat,41351.664933555585,5.798129679602507,34.558058179310855,6.353581796364343,Flood,Phosphorus,Side Dressing,15.756032971266317,1.504210303416886
Potatoes,26649.941514281607,6.787872821503244,37.24595749222186,5.275921274636101,Drip,Phosphorus,Side Dressing,56.455151262510824,2.9463370157020368
Tomatoes,26244.986389195554,6.237703404246031,41.7349586499614,5.681309888109654,Sprinkler,Phosphorus,Broadcasting,28.227581293668404,2.914660010213379
Corn,58907.211271114946,6.686398895656792,25.831112138619154,2.2618058879475735,Flood,Phosphorus,Broadcasting,90.06450017981926,1.3563706931760484
Potatoes,86627.4291588468,6.142104235100435,25.066791394921225,7.384824563676152,Sprinkler,Nitrogen,Side Dressing,71.37466433048849,1.7231099410192223
Corn,70541.71615940778,7.044450421289992,43.4537724432932,5.145260672935814,Sprinkler,Nitrogen,Fertigation,38.79652156090293,2.7644908878193477
Soybeans,62390.34194863835,6.7796780744489205,47.66170337661438,2.3474299350133885,Flood,Phosphorus,Fertigation,75.84019003270232,2.6186314513694726
Tomatoes,40845.08265278965,7.002955446995455,35.33000582490162,2.8112542551127175,Flood,Phosphorus,Side Dressing,25.124367540410276,2.298596575954634
Tomatoes,51576.53847832673,6.213269058784826,48.698277815612606,5.917941266505569,Sprinkler,Potassium,Fertigation,86.82121652589987,4.192734728504666
Soybeans,20523.0140806069,6.090865805734477,17.629620342365797,2.5820784960171035,Flood,Potassium,Side Dressing,76.3181411816656,0.8898723480053395
Wheat,11122.298550493537,7.450577329378082,40.014406436963625,8.435975061918441,Flood,Nitrogen,Fertigation,58.97602306313931,1.9404548823192538
Corn,22653.010156381817,5.777365664888501,26.114355584893254,3.2760487497316797,Flood,Phosphorus,Fertigation,93.95141597045578,1.532814723969193
Soybeans,64979.045089395004,6.92017986936695,44.85207353259276,5.126892272564313,Sprinkler,Phosphorus,Broadcasting,88.36375119832061,2.3794311182168313
Corn,20567.104809079658,6.91972995403944,16.24076976105918,8.544044831102028,Flood,Nitrogen,Broadcasting,85.08654655399339,0.8796217879676784
Tomatoes,28280.917818779006,5.55797637955298,12.04769784889734,6.495506028053334,Drip,Phosphorus,Broadcasting,31.797072088985843,0.935309673857637
Wheat,33998.744099390846,5.848757566527754,30.173469228027884,4.16669506593381,Sprinkler,Phosphorus,Fertigation,55.74184193778352,1.5924478906973416
Corn,14634.231720265114,5.922921807872903,21.498478565004604,8.303545245941434,Sprinkler,Potassium,Side Dressing,80.50849051958241,1.356001592047923
Corn,30388.03660468877,5.643824352965973,30.63469201514846,1.7653981684022098,Sprinkler,Nitrogen,Side Dressing,53.51290679050882,1.7178190675173524
Tomatoes,57625.636741521696,6.570879287418507,45.19667018497764,4.983769505088404,Flood,Nitrogen,Broadcasting,17.212376830556234,2.8754265531892593
Wheat,70803.53252548072,6.536282139786992,44.06572503345647,5.60695931078237,Drip,Potassium,Fertigation,34.59632919180757,2.9102878501545226
Tomatoes,83483.23665975264,6.452437338207588,38.21368159712378,5.004226279441766,Drip,Nitrogen,Side Dressing,90.58536292458973,3.680200544904659
Tomatoes,64298.60268672663,6.222492135558826,36.28050569937952,5.144159716650676,Flood,Potassium,Side Dressing,37.086388843958375,2.500140285543269
Wheat,71729.26502686836,5.581223143972741,21.672142056862942,8.795898926552082,Drip,Potassium,Side Dressing,62.15455353769238,1.28118509085733
Tomatoes,4730.021918029672,6.7414898100990985,17.58417540534509,2.377934047984752,Drip,Potassium,Side Dressing,46.662095929397815,1.5537283651344744
Potatoes,35411.00082390615,6.514806418844513,44.973575563598004,1.2077530400412848,Drip,Potassium,Side Dressing,97.09453967613646,3.6515776861858553
Corn,26653.550756787314,6.984448897593847,40.7088883555455,9.051904841739413,Sprinkler,Potassium,Side Dressing,62.91257443927544,2.5683252336724376
Wheat,22364.363214971203,7.444157222361806,34.38614908935786,8.531399706804734,Drip,Potassium,Side Dressing,43.764669649781446,1.9871738435205937
Tomatoes,63680.5382443972,7.046991892599982,47.4498908646578,5.96851019457665,Flood,Nitrogen,Broadcasting,80.19753255917966,3.0806084915708003
Corn,26627.69690703533,7.143917017561675,19.371796239548146,9.488562746059463,Sprinkler,Potassium,Broadcasting,37.19135306318646,1.086739673752151
Wheat,7866.469253991255,6.661363227398437,32.09262955894084,7.997545447497913,Sprinkler,Phosphorus,Broadcasting,35.04490989816043,1.5529804407254633
Soybeans,45190.663549518504,5.7108805532852625,35.43942706048139,2.978053796946615,Flood,Phosphorus,Fertigation,63.85632188684582,1.835756045568832
Wheat,31994.58859222106,6.114458904568256,25.758999212849155,4.288463249520692,Flood,Nitrogen,Side Dressing,43.171676623572914,1.167529830711865
Corn,9320.985052079845,5.982153881720434,17.714256289447516,3.4323289543539937,Flood,Phosphorus,Broadcasting,96.91205104353304,0.9147433725130314
Tomatoes,77664.1997585473,7.158696023206718,26.676687934634955,3.698811929639115,Flood,Potassium,Side Dressing,21.76936703439386,1.716245568275213
Potatoes,62323.40565939452,5.88822619540576,32.7894675837814,8.480659871334886,Drip,Nitrogen,Side Dressing,34.494367015065464,2.52992216703314
Tomatoes,89176.76296613658,6.848379829136727,33.836670848768875,3.1576314295936028,Drip,Potassium,Side Dressing,99.32746694663663,3.1294858987615672
Tomatoes,7002.6974968065715,6.0454432051944,27.82888080275514,7.162406435330095,Flood,Nitrogen,Side Dressing,32.148638427261474,1.909808829079771
Soybeans,54528.05177956173,6.288475815641897,14.158561442700641,4.095089440085062,Flood,Nitrogen,Fertigation,71.70802269258886,0.7936707819677719
Potatoes,20433.11587366944,6.302372191586659,17.328834779500745,5.158056351029098,Sprinkler,Nitrogen,Broadcasting,40.72144580753729,1.0633436272804573
Tomatoes,92340.99092196346,6.425085452271774,14.272022823500832,7.398803028311412,Drip,Potassium,Broadcasting,28.971147778817674,1.2210038331478579
Tomatoes,78427.47114098535,5.635124000083156,12.782217345519289,2.3828762493786035,Flood,Phosphorus,Fertigation,13.949548120798621,0.8485205344068936
Wheat,80277.71412518538,6.392261371948101,40.624647389710184,4.2490059529895845,Sprinkler,Phosphorus,Broadcasting,70.08052592224956,1.9725419436516998
Soybeans,80238.0153912773,5.6145452942557625,40.71622403063495,6.141255458045529,Drip,Potassium,Broadcasting,37.548183890632544,2.337712108626362
Potatoes,45199.53062442533,6.59808687474058,39.84285749422929,9.770077050983392,Sprinkler,Nitrogen,Side Dressing,33.126886211540814,2.7724604385156755
Soybeans,3837.2863446428587,6.65151573997575,42.98738996982216,6.618424274270398,Sprinkler,Potassium,Side Dressing,28.68099238893856,2.4346184854594815
Tomatoes,50585.72643152627,5.7689860929077605,27.555748944845032,7.128301979262054,Sprinkler,Phosphorus,Broadcasting,68.75547057836685,1.930060654277649
Potatoes,84070.23806838508,7.152773712890098,15.631041519447844,8.380114012871712,Flood,Potassium,Broadcasting,95.6292688829299,0.9021676416980825
Wheat,46589.52611255348,7.018605801594382,14.85550553823559,8.660759809940135,Flood,Phosphorus,Broadcasting,20.291102535498855,0.6246208356294839
Corn,8115.157741778727,7.055454952326357,20.877250694492922,2.9395491861306655,Flood,Phosphorus,Broadcasting,42.03655597865541,1.0152214914165423
Wheat,32034.527661839595,6.498634645958277,21.8949770297092,3.091519788430168,Sprinkler,Potassium,Fertigation,91.40214563940643,1.2644230513556538
Soybeans,63184.14053160238,6.1427396978107875,11.480416078224192,5.877009327177559,Sprinkler,Nitrogen,Broadcasting,94.28906236935383,0.6207792001368315
Corn,83033.66085519452,6.270724771173393,43.06990417039874,2.5269632112684457,Drip,Potassium,Side Dressing,66.07177268901914,3.1093665319586092
Soybeans,16101.638546735257,6.95111134532085,22.550649972656487,9.305824796516662,Flood,Nitrogen,Fertigation,52.48762740251328,1.2716619131941413
Tomatoes,2286.4030360985585,6.5163494047200015,49.19919100957328,3.505727304820147,Flood,Nitrogen,Broadcasting,64.38824357387341,3.2468560589613453
Soybeans,913.8605371525334,6.415755699298679,20.775967405189867,1.298542012739988,Flood,Potassium,Broadcasting,22.859337443445206,0.9392016755775622
Corn,79792.495787444,7.178958022022894,36.95859363348741,3.2447632446074586,Drip,Phosphorus,Side Dressing,58.00412615594144,2.543794305655522
Tomatoes,46117.26799619299,7.273559666944406,47.087543924833255,8.76344232178441,Drip,Potassium,Side Dressing,74.09506255989838,4.288669600182637
Wheat,34925.81132634973,7.355357652082913,35.89883922048608,9.327456291409687,Sprinkler,Phosphorus,Side Dressing,25.735103838310437,1.7547949488236152
Wheat,10182.441825441923,6.869529193694816,42.65166913697345,5.218665277417273,Drip,Phosphorus,Broadcasting,87.2152385795196,2.4434036233496195
Potatoes,1174.5961383163112,6.148267532769539,36.13112264985207,9.430433709169648,Sprinkler,Potassium,Broadcasting,63.88419390091613,2.321449813265374
Soybeans,19032.638131705764,6.537916469631554,24.44437071582317,5.8492857510066525,Sprinkler,Potassium,Side Dressing,43.02625166302219,1.409677212223227
Tomatoes,88508.64645830813,5.928526735794538,12.877730258379657,1.654048315475773,Flood,Nitrogen,Fertigation,38.27552320936547,0.8970538110681854
Potatoes,83489.79566202647,5.777338254595602,22.39429571485823,2.424086042400154,Flood,Nitrogen,Fertigation,86.58913870912208,1.402743904931769
Soybeans,32258.254020662018,6.580603553725737,41.205917301622364,7.3571092142410315,Drip,Phosphorus,Broadcasting,83.49423599373415,2.7195576993916117
Corn,90560.96905924757,6.766833635715545,32.32051493570053,9.88508207168691,Flood,Phosphorus,Side Dressing,28.709717168630927,1.849129557868944
Corn,28181.252248242203,5.9909833728924795,37.16466766665485,1.9019746663478347,Flood,Phosphorus,Side Dressing,34.32294894261848,1.9332301977713926
Wheat,32129.5828465057,7.456168921152846,39.95375793127783,4.012114850023508,Drip,Nitrogen,Fertigation,47.6174491126695,2.388618873522753
Corn,3372.178431143302,7.101708393822717,32.643468900564,8.997849771043658,Drip,Phosphorus,Side Dressing,48.861904059938894,2.370981457354032
Wheat,1715.738384836197,7.206277807880611,31.92817180755602,8.159192762577142,Sprinkler,Potassium,Broadcasting,13.209888003713981,1.4308011198539243
Soybeans,5915.269325773004,6.560247362217426,33.845679837968575,9.737791884604514,Drip,Phosphorus,Side Dressing,13.405144506942666,2.31833544625965
Tomatoes,87256.41507601987,5.959053968532466,12.476582823407224,6.909144006246393,Drip,Nitrogen,Broadcasting,66.36029363011971,1.0494379804550837
Wheat,49954.11431245813,7.018697833696118,11.25599140041826,4.747274075764288,Drip,Phosphorus,Fertigation,84.1020851718266,0.7352157178341839
Wheat,41262.86366193949,5.7968716020991184,16.226660456698916,4.3505437345529625,Drip,Potassium,Fertigation,27.315124901125706,0.981102796129963
Wheat,35030.58978871627,6.132672990311361,20.121553174275153,4.7013832963177435,Drip,Phosphorus,Broadcasting,43.56841928279893,1.1012476860683167
Corn,34469.17807530883,6.827930644871277,11.442978516342635,9.306574294644136,Drip,Phosphorus,Fertigation,57.07451602574761,0.9309829994848575
Corn,95840.28426027739,5.854789991689442,18.12769883354653,2.4557736995880104,Flood,Potassium,Side Dressing,93.42911405683485,0.9878866897558123
Tomatoes,76667.6124156077,5.510105641144972,40.885801876607985,3.726375313780004,Flood,Phosphorus,Broadcasting,19.73848487240712,2.3379308673961336
Corn,66883.67291243156,6.3543840656647195,47.85375354173733,5.905022998929712,Flood,Potassium,Broadcasting,83.07142144082303,2.596332954330624
Potatoes,13329.18990805918,7.201613626425509,11.567539318658383,4.7096077118704756,Drip,Nitrogen,Side Dressing,44.420802545028415,0.8614288664744335
Wheat,28392.127393303028,6.589468360419362,32.77774803716183,2.7237343194807595,Sprinkler,Potassium,Side Dressing,11.845650164834447,1.6094441681945981
Soybeans,14423.644426883666,5.776599275924634,47.96594645676678,7.164123408736156,Sprinkler,Phosphorus,Side Dressing,75.4242787037192,2.6888002235001367
Soybeans,51920.943691676475,7.38552440520371,19.374947110710497,9.493364586472705,Sprinkler,Phosphorus,Fertigation,88.13259176166629,1.1880479877907741
Wheat,17756.095318445023,5.954814909816625,37.446908004480136,8.598208018630391,Flood,Nitrogen,Side Dressing,15.726176485636536,1.6923508218425438
Potatoes,98138.57191693904,5.984391685015069,20.728006364456455,1.4851536494255526,Drip,Phosphorus,Fertigation,48.498800398631936,1.649798678922316
Tomatoes,97442.14453672244,6.773777906417468,47.81277595367824,8.70971813698958,Flood,Nitrogen,Side Dressing,33.50951951282804,3.3961303336803628
Wheat,42198.84412507848,6.84045371538046,37.05592209411222,8.928385793878025,Sprinkler,Potassium,Fertigation,22.720222500122127,2.0469711883372756
Wheat,58287.63240395827,6.57866184011099,13.033419099002138,4.243006247459736,Flood,Nitrogen,Broadcasting,29.6469650171977,0.5551672970334723
Soybeans,36945.872670485354,6.152356499229695,14.21272214372253,9.681379667711335,Flood,Nitrogen,Fertigation,57.84411205441849,0.8170801565771332
Potatoes,52834.45339193425,7.410135076513087,49.69650738450307,8.49171251407976,Drip,Phosphorus,Fertigation,43.45436750880035,4.033172607761039
Corn,77028.35027298181,6.507163318661736,41.97774304216183,9.980620537388427,Sprinkler,Nitrogen,Fertigation,61.92438992774249,3.0178548516415074
Potatoes,26429.06229342916,7.0933365511459705,32.897444688355264,5.040630603134532,Sprinkler,Potassium,Broadcasting,75.37751727165251,1.9994570206597182
Wheat,92998.24985565813,7.464672710752373,21.892654814292214,5.399984781097584,Flood,Potassium,Broadcasting,55.16326935584854,0.8799591724283071
Corn,70713.49540582874,7.316117357257586,22.22314341437794,3.452517760399266,Flood,Potassium,Broadcasting,89.94089927635385,1.1046305904104885
Corn,27286.508720140468,6.790979492105982,18.970900222287415,2.0435367972185148,Flood,Nitrogen,Side Dressing,48.930515647490935,1.0251771667400695
Potatoes,71797.73058159022,5.710085491755445,49.16689979402088,3.7661524420520007,Sprinkler,Potassium,Side Dressing,68.13242767637347,3.110107748682639
Potatoes,54940.272788118215,6.625298323390339,10.775435611776295,7.924943572749719,Flood,Potassium,Broadcasting,50.21132945510784,0.6271345003957822
Tomatoes,30350.735889234096,6.507509185311939,14.880579545611985,2.993163551401421,Drip,Potassium,Side Dressing,30.984811349537246,1.334169406875561
Soybeans,25785.024474501162,5.907594928311498,13.09535576794743,2.4020800309063772,Flood,Nitrogen,Fertigation,71.23665264288896,0.6937285676912303
Tomatoes,25643.088757510002,6.2859166689593025,18.65111818565292,5.499874362984206,Sprinkler,Potassium,Fertigation,58.20992291936313,1.5689925612633226
Wheat,80242.19251442676,6.389772799312389,28.85996955533483,6.747201471298468,Flood,Potassium,Fertigation,91.12888820713532,1.5513918885751041
Soybeans,44258.835753925865,6.132438434286102,36.5310980432903,3.796361792472914,Drip,Nitrogen,Fertigation,20.184513700952934,2.4865811925483237
Corn,86272.63367372342,5.61732879374518,37.12837200436198,7.894979040983091,Drip,Nitrogen,Fertigation,99.56016102992149,2.9236483413658028
Soybeans,97488.60061759895,6.9503425508500225,41.91651462421211,8.471924324817502,Flood,Nitrogen,Fertigation,80.18180786018772,2.4076127070628335
Potatoes,89732.10220871802,6.576651234768071,19.938319349285294,1.333662055920874,Drip,Potassium,Fertigation,74.74244589890282,1.6994110100316682
Soybeans,45553.073318551455,5.7248680303496124,34.29556244458181,2.6058915777387126,Flood,Phosphorus,Fertigation,31.90975574976097,1.7195371952519671
Tomatoes,11822.610990391453,5.737740909375953,48.80474074653562,6.549436122917162,Sprinkler,Nitrogen,Broadcasting,55.70870676834324,3.3470868544907497
Tomatoes,15489.782840761196,5.8641036695650515,24.11830455186842,5.853060671036449,Sprinkler,Nitrogen,Side Dressing,95.39483607904077,1.872376315447063
Wheat,23867.93616245903,6.1351230899641065,34.91032574559328,1.7309051486098754,Drip,Phosphorus,Side Dressing,29.098438890553446,1.98374774609115
Wheat,38380.10026312489,5.880233475135096,43.97393480333256,8.828798168770994,Flood,Nitrogen,Fertigation,83.02855817689205,2.268817164102105
Soybeans,13988.556022576728,5.545420397984737,44.770654260734425,9.178876272385645,Flood,Potassium,Fertigation,92.59624493935377,2.4798190208265534
Potatoes,51107.43261132563,6.1558130307907994,45.294593305165336,7.6265625223841065,Sprinkler,Nitrogen,Fertigation,10.807985226534706,3.1751640185244008
Corn,43710.669359959305,6.502914970823072,21.87670942623115,3.648047403133321,Drip,Phosphorus,Side Dressing,59.72699225104094,1.6238922218797465
Corn,4719.229123239096,6.214206967193183,10.668559203503666,1.8265438398032485,Sprinkler,Phosphorus,Broadcasting,27.010959698836995,0.5722464772179175
Potatoes,99067.11102037603,7.210952611734042,47.15747183717173,6.055247787617274,Flood,Phosphorus,Broadcasting,87.94909857681961,2.6282445698577277
Wheat,71910.30139830991,7.330045935468155,18.210317336815326,1.1103181091699676,Sprinkler,Potassium,Broadcasting,97.53993947024443,0.8153670564484835
Tomatoes,56198.008939945845,5.73876791553071,36.460754192799065,8.661927748895831,Sprinkler,Nitrogen,Fertigation,53.70541440686618,2.969798937926388
Corn,74882.42961216677,6.150733328228915,18.090806856224376,9.771576457570516,Sprinkler,Potassium,Side Dressing,23.570319580726505,1.122074948650699
Tomatoes,37489.289137987624,6.041386968732488,14.851068631899471,6.704932356629226,Flood,Potassium,Fertigation,93.73148399129876,1.1576105166941457
Tomatoes,31876.70169976872,7.101951995346731,35.407751230403186,1.5172059715134147,Flood,Nitrogen,Broadcasting,16.417652874046208,2.0601512692900115
Tomatoes,83291.65882935378,5.747007571231743,20.86021805353424,5.516947004104654,Sprinkler,Phosphorus,Side Dressing,28.82482297678595,1.4972342386471051
Potatoes,25140.553603697612,6.390025103761811,49.83379758941384,9.252170279845679,Sprinkler,Nitrogen,Side Dressing,43.31638073214036,3.4811730440516144
Soybeans,71515.35765180613,7.031152827109541,23.230743182822874,8.60538802501367,Drip,Phosphorus,Fertigation,84.82359253542323,1.7294719488537253
Corn,97347.83144187363,5.536359819062154,29.93468349392534,7.029926116640471,Flood,Potassium,Broadcasting,15.198967826735714,1.410801188726406
Wheat,34594.16331128934,5.7743948985486835,18.337167211842317,8.52698557079682,Sprinkler,Potassium,Side Dressing,89.38158087254484,0.9584078897178723
Potatoes,5770.8524416407445,5.514862756114632,19.589098751731797,7.402103041457808,Flood,Potassium,Fertigation,12.782782327981886,1.1653404008095694
Potatoes,67760.8889701912,5.980452758177487,31.34735049545055,9.696207979093892,Flood,Nitrogen,Broadcasting,88.70172104337055,1.8455838717294053
Corn,41579.72223365355,7.39034057744364,22.793598615081635,3.4757010078623995,Sprinkler,Nitrogen,Side Dressing,68.31657163442566,1.3129536899689191
Potatoes,89289.42196899674,5.622885887982485,48.02890651789206,6.221354365196224,Flood,Nitrogen,Side Dressing,13.302752578921112,2.6567546448127612
Corn,68253.7928582449,7.229757240878925,15.81768588837968,6.872519388876631,Flood,Potassium,Side Dressing,80.53376823100241,0.88052519853191
Tomatoes,32648.530313702267,6.923350867125581,13.751498980411805,3.5665993824693882,Flood,Phosphorus,Side Dressing,76.46461087630314,0.9543253207310695
Potatoes,35839.224779016135,6.304088962896604,47.8401034208897,1.887552131603106,Sprinkler,Potassium,Fertigation,41.69285465063979,3.322025679228681
Corn,5109.036408944826,6.245611918722707,49.919184728872864,6.528508606924292,Flood,Phosphorus,Broadcasting,46.90408814494665,2.6042973994328236
